Please type captcha here,Please type captcha here
Reload captcha,Reload captcha
<strong>Attention</strong>: Captcha is case sensitive.,<strong>Attention</strong>: Captcha is case sensitive.
<strong>Please enter valid captcha code.</strong>,<strong>Please enter valid captcha code.</strong>
Subscribe to RSS Feed,Subscribe to RSS Feed
Filter By Category,Filter By Category
All,All
Close Window,Close Window
Prev,Prev
Next,Next
We can't find products matching the selection.,We can't find products matching the selection.
Add to Cart,Add to Cart
In stock,In stock
Out of stock,Out of stock
View,View
Item %1 to %2 of %3 total items,Item %1 to %2 of %3 total items
%1 Item,%1 Item
%1 Items,%1 Items
per page:,per page:
 with all , with all 
 slides, slides
This presentation includes ,This presentation includes 
My Dashboard,My Dashboard
Hello ,Hello 
From your My Account Dashboard you have the ability to view a snapshot of your recent account activity and update your account information. Select a link below to view or edit information.,From your My Account Dashboard you have the ability to view a snapshot of your recent account activity and update your account information. Select a link below to view or edit information.
Account Information,Account Information
Contact Information,Contact Information
Edit,Edit
Change Password,Change Password
* Required Fields,* Required Fields
Email,Email
Change Email and Password,Change Email and Password
Current Password,Current Password
New Password,New Password
Confirm New Password,Confirm New Password
Back,Back
Save,Save
Change Email,Change Email
Registered Customers,Registered Customers
"If you have an account with us, please log in.","If you have an account with us, please log in."
Email Address,Email Address
Password,Password
Forgot Your Password?,Forgot Your Password?
Login,Login
Create an Account,Create an Account
Choose Password,Choose Password
Confirm Password,Confirm Password
Sign Up,Sign Up
Address Information,Address Information
Street Address,Street Address
Address,Address
Street Address %1,Street Address %1
City,City
State/Province,State/Province
"Please select a region, state or province.","Please select a region, state or province."
Zip/Postal Code,Zip/Postal Code
Country,Country
You have logged out and will be redirected to our homepage in 5 seconds.,You have logged out and will be redirected to our homepage in 5 seconds.
New Customers,New Customers
Please create an Account to Purchase a Subscription. You will also need to create an account to download our Free Samples.,Please create an Account to Purchase a Subscription. You will also need to create an account to download our Free Samples.
Pricing,Pricing
Free Slides,Free Slides
Most Downloaded,Most Downloaded
Newly Added,Newly Added
Template Finder,Template Finder
Complete Decks,Complete Decks
Blog,Blog
Design Services,Design Services
Items %1 to %2 of %3 total,Items %1 to %2 of %3 total
%1 Item(s),%1 Item(s)
Previous,Previous
Page,Page
Page:,Page:
You're currently reading page,You're currently reading page
%1 has been added to your Favourites List.,%1 has been added to your Favourites List.
Customer Testimonials,Customer Testimonials
What Our Clients Say,What Our Clients Say
Please select a variant!,Please select a variant!
1 column Cms Page,1 column Cms Page
1 column Design Services Cms Page,1 column Design Services Cms Page
My Account,My Account
Edit Account Information,Edit Account Information
You are now logged out,You are now logged out
Sign up,Sign up
You did not sign in correctly or your account is temporarily disabled.,Invalid login or password.
"Creating an account has many benefits: check out faster, keep more than one address, track orders and more.",Please create an Account to Purchase a Subscription. You will also need to create an account to download our Free Samples.
Search entire store here...,Search for your perfect slide here...
You added %1 to your shopping cart.,%1 subscription is added to your shopping cart.
Review & Payments,checkout
Apply Discount Code,Discount Codes 
Apply Discount,Apply Coupon 
Enter discount code,Enter discount code 
We'll email you an order confirmation with details and tracking info.,You will receive an order confirmation email with details of your order and a link to track its progress. 
"If you have bought a package that includes Custom Design slides, you can upload your design request by visiting our","If you have bought a package that includes Custom Design slides, you can upload your design request by visiting our"
Continue Shopping,Continue Browsing 
Order Summary,Order Review
Enter your coupon code if you have one,Enter your coupon code if you have one
You will be redirected to 2Checkout to complete your order,You will be redirected to 2Checkout to complete your order
Place Order,Place Order
Set a New Password,RESET PASSWORD
Order Total,Grand Total
Cart Subtotal,Subtotal